"","jpCourt","n","percent"
"1","Court 1-1",873,32.8318916886047
"2","Court 1-2",60,2.25648740127868
"3","Court 3-1",633,23.80594208349
"4","Court 4-1",103,3.87363670552839
"5","Court 4-2",40,1.50432493418578
"6","Court 5-1",950,35.7277171869124
"7","Total",2659,100
