"","evicClean","count","perCases"
"1","Holdover/lease expiration",9,0.0078740157480315
"2","Multiple Reasons",3,0.0026246719160105
"3","NA",207,0.181102362204724
"4","Non-payment of rent",872,0.762904636920385
"5","Unknown",37,0.0323709536307962
"6","Violated lease",15,0.0131233595800525
